时间,一次网供水温度(℃),一次网供水压力(Mpa),一次网回水温度(℃),一次网回水压力(Mpa),东区二次网供水温度(℃),东区二次网供水压力(Mpa),东区二次网回水温度(℃),东区二次网回水压力(Mpa),西区二次网供水温度(℃),西区二次网供水压力(Mpa),西区二次网回水温度(℃),西区二次网回水压力(Mpa),南区二次网供水温度(℃),南区二次网供水压力(Mpa),南区二次网回水温度(℃),南区二次网回水压力(Mpa),北区二次网供水温度(℃),北区二次网供水压力(Mpa),北区二次网回水温度(℃),北区二次网回水压力(Mpa),高区二次网供水温度(℃),高区二次网供水压力(Mpa),高区二次网回水温度(℃),高区二次网回水压力(Mpa),室外温度实际值,气温2m(℃),降水量(mm),降雪量(mm),地表温度(℃),露点温度(℃),相对湿度(%),最大阵风(上一小时内，m/s),"总太阳辐射度(down,J/m2)"
2024年11月01日00时15分00秒,66.24 ,0.68 ,32.39 ,0.20 ,32.85 ,0.62 ,29.21 ,0.46 ,32.63 ,0.51 ,29.94 ,0.38 ,37.81 ,0.41 ,33.54 ,0.30 ,37.67 ,0.52 ,33.21 ,0.35 ,32.63 ,0.70 ,30.13 ,0.62 ,,6.24,0.001,0,4.18,6.02,98.47,3.08,0
2024年11月01日00时30分00秒,66.46 ,0.68 ,32.38 ,0.20 ,32.87 ,0.63 ,29.22 ,0.47 ,33.26 ,0.50 ,30.01 ,0.37 ,37.84 ,0.40 ,33.56 ,0.30 ,37.79 ,0.52 ,33.34 ,0.35 ,32.68 ,0.71 ,30.16 ,0.63 ,,6.24,0.001,0,4.18,6.02,98.47,3.08,0
2024年11月01日00时45分00秒,66.80 ,0.71 ,32.15 ,0.20 ,33.06 ,0.64 ,29.27 ,0.48 ,33.33 ,0.50 ,30.08 ,0.37 ,38.07 ,0.40 ,33.62 ,0.29 ,35.63 ,0.53 ,33.45 ,0.36 ,32.48 ,0.72 ,30.22 ,0.64 ,,6.24,0.001,0,4.18,6.02,98.47,3.08,0
2024年11月01日01时00分00秒,66.30 ,0.40 ,31.90 ,0.19 ,31.29 ,0.64 ,29.32 ,0.49 ,31.68 ,0.51 ,30.17 ,0.37 ,36.85 ,0.40 ,33.67 ,0.29 ,36.02 ,0.53 ,33.27 ,0.36 ,31.48 ,0.71 ,30.25 ,0.63 ,,6.04,0.002,0,4.99,5.79,98.28,3.41,0
2024年11月01日01时15分00秒,65.37 ,0.40 ,31.95 ,0.19 ,31.49 ,0.61 ,29.30 ,0.46 ,31.73 ,0.51 ,30.10 ,0.37 ,36.77 ,0.40 ,33.68 ,0.29 ,35.86 ,0.53 ,33.19 ,0.36 ,32.11 ,0.69 ,30.28 ,0.60 ,,6.04,0.002,0,4.99,5.79,98.28,3.41,0
2024年11月01日01时30分00秒,65.21 ,0.52 ,32.03 ,0.20 ,32.04 ,0.62 ,29.13 ,0.47 ,32.03 ,0.51 ,29.80 ,0.37 ,37.08 ,0.39 ,33.52 ,0.28 ,36.34 ,0.53 ,33.01 ,0.36 ,32.50 ,0.70 ,30.14 ,0.62 ,,6.04,0.002,0,4.99,5.79,98.28,3.41,0
2024年11月01日01时45分00秒,64.65 ,0.53 ,32.02 ,0.20 ,32.04 ,0.63 ,28.92 ,0.48 ,32.27 ,0.50 ,29.58 ,0.36 ,37.42 ,0.43 ,33.28 ,0.33 ,36.33 ,0.53 ,32.86 ,0.36 ,32.50 ,0.71 ,29.97 ,0.63 ,,6.04,0.002,0,4.99,5.79,98.28,3.41,0
2024年11月01日02时00分00秒,63.96 ,0.54 ,31.52 ,0.20 ,31.39 ,0.64 ,28.83 ,0.49 ,31.59 ,0.51 ,29.53 ,0.37 ,36.98 ,0.43 ,33.04 ,0.32 ,35.88 ,0.53 ,32.67 ,0.36 ,31.95 ,0.73 ,29.98 ,0.64 ,,6.45,0.011,0,5.33,6.09,97.51,3.75,0
2024年11月01日02时15分00秒,64.01 ,0.53 ,31.78 ,0.20 ,31.65 ,0.61 ,28.78 ,0.47 ,31.59 ,0.51 ,29.50 ,0.38 ,36.99 ,0.42 ,33.00 ,0.31 ,35.57 ,0.53 ,32.58 ,0.37 ,31.79 ,0.71 ,30.03 ,0.62 ,,6.45,0.011,0,5.33,6.09,97.51,3.75,0
2024年11月01日02时30分00秒,62.95 ,0.53 ,31.69 ,0.20 ,31.52 ,0.62 ,28.71 ,0.46 ,31.98 ,0.50 ,29.46 ,0.37 ,36.99 ,0.42 ,33.10 ,0.31 ,35.59 ,0.53 ,32.52 ,0.36 ,32.36 ,0.69 ,30.08 ,0.60 ,,6.45,0.011,0,5.33,6.09,97.51,3.75,0
2024年11月01日02时45分00秒,63.22 ,0.53 ,31.70 ,0.20 ,31.44 ,0.63 ,28.63 ,0.47 ,31.36 ,0.51 ,29.40 ,0.37 ,37.01 ,0.41 ,33.12 ,0.31 ,35.65 ,0.53 ,32.44 ,0.36 ,32.30 ,0.70 ,30.05 ,0.62 ,,6.45,0.011,0,5.33,6.09,97.51,3.75,0
2024年11月01日03时00分00秒,64.49 ,0.53 ,31.65 ,0.20 ,31.41 ,0.64 ,28.56 ,0.48 ,31.97 ,0.51 ,29.33 ,0.37 ,37.16 ,0.41 ,33.09 ,0.31 ,35.71 ,0.53 ,32.37 ,0.36 ,32.36 ,0.71 ,30.04 ,0.63 ,,6.47,0.018,0,5.38,6.15,97.82,4.29,0
2024年11月01日03时15分00秒,65.69 ,0.53 ,31.49 ,0.20 ,31.08 ,0.65 ,28.51 ,0.49 ,31.52 ,0.51 ,29.26 ,0.37 ,37.32 ,0.41 ,33.12 ,0.30 ,35.77 ,0.53 ,32.32 ,0.36 ,32.15 ,0.72 ,29.99 ,0.64 ,,6.47,0.018,0,5.38,6.15,97.82,4.29,0
2024年11月01日03时30分00秒,66.50 ,0.53 ,31.69 ,0.19 ,31.53 ,0.61 ,28.46 ,0.45 ,31.50 ,0.51 ,29.24 ,0.37 ,37.42 ,0.40 ,33.14 ,0.30 ,35.80 ,0.53 ,32.28 ,0.36 ,31.81 ,0.71 ,29.98 ,0.63 ,,6.47,0.018,0,5.38,6.15,97.82,4.29,0
2024年11月01日03时45分00秒,68.43 ,0.53 ,31.82 ,0.19 ,31.61 ,0.62 ,28.42 ,0.46 ,32.12 ,0.51 ,29.24 ,0.37 ,37.72 ,0.40 ,33.21 ,0.29 ,35.98 ,0.53 ,32.27 ,0.36 ,32.68 ,0.69 ,30.06 ,0.61 ,,6.47,0.018,0,5.38,6.15,97.82,4.29,0
2024年11月01日04时00分00秒,67.68 ,0.52 ,31.72 ,0.19 ,31.51 ,0.63 ,28.40 ,0.47 ,32.12 ,0.50 ,29.25 ,0.37 ,37.75 ,0.40 ,33.30 ,0.29 ,35.90 ,0.53 ,32.30 ,0.36 ,32.71 ,0.69 ,30.14 ,0.61 ,,6.64,0.001,0,5.4,6.29,97.59,4.38,0
2024年11月01日04时15分00秒,65.73 ,0.52 ,31.88 ,0.19 ,31.30 ,0.64 ,28.40 ,0.48 ,31.76 ,0.50 ,29.29 ,0.37 ,37.60 ,0.39 ,33.41 ,0.29 ,36.05 ,0.53 ,32.33 ,0.36 ,32.57 ,0.71 ,30.18 ,0.62 ,,6.64,0.001,0,5.4,6.29,97.59,4.38,0
2024年11月01日04时30分00秒,66.64 ,0.52 ,32.01 ,0.19 ,30.72 ,0.65 ,28.42 ,0.49 ,31.50 ,0.51 ,29.31 ,0.37 ,37.74 ,0.39 ,33.54 ,0.28 ,36.14 ,0.53 ,32.35 ,0.36 ,32.56 ,0.72 ,30.25 ,0.63 ,,6.64,0.001,0,5.4,6.29,97.59,4.38,0
2024年11月01日04时45分00秒,67.21 ,0.52 ,31.98 ,0.19 ,31.43 ,0.61 ,28.38 ,0.46 ,31.56 ,0.51 ,29.29 ,0.37 ,37.42 ,0.41 ,33.65 ,0.31 ,36.28 ,0.53 ,32.42 ,0.36 ,32.04 ,0.72 ,30.21 ,0.64 ,,6.64,0.001,0,5.4,6.29,97.59,4.38,0
2024年11月01日05时00分00秒,67.37 ,0.52 ,32.03 ,0.19 ,31.42 ,0.62 ,28.34 ,0.46 ,32.09 ,0.50 ,29.28 ,0.37 ,37.82 ,0.43 ,33.52 ,0.32 ,36.36 ,0.53 ,32.49 ,0.36 ,32.70 ,0.69 ,30.21 ,0.61 ,,6.95,0.009,0,5.41,6.6,97.66,4.52,0
2024年11月01日05时15分00秒,67.30 ,0.52 ,32.06 ,0.19 ,31.46 ,0.63 ,28.31 ,0.47 ,31.90 ,0.50 ,29.27 ,0.36 ,37.77 ,0.42 ,33.46 ,0.32 ,36.41 ,0.52 ,32.53 ,0.36 ,32.82 ,0.69 ,30.31 ,0.61 ,,6.95,0.009,0,5.41,6.6,97.66,4.52,0
2024年11月01日05时30分00秒,64.99 ,0.52 ,31.84 ,0.19 ,31.23 ,0.64 ,28.30 ,0.48 ,31.92 ,0.51 ,29.27 ,0.37 ,37.53 ,0.42 ,33.51 ,0.31 ,36.16 ,0.53 ,32.59 ,0.37 ,32.65 ,0.71 ,30.30 ,0.62 ,,6.95,0.009,0,5.41,6.6,97.66,4.52,0
2024年11月01日05时45分00秒,67.85 ,0.53 ,32.16 ,0.19 ,30.81 ,0.65 ,28.31 ,0.49 ,32.11 ,0.51 ,29.27 ,0.37 ,37.94 ,0.41 ,33.58 ,0.31 ,36.56 ,0.53 ,32.64 ,0.36 ,32.67 ,0.72 ,30.28 ,0.64 ,,6.95,0.009,0,5.41,6.6,97.66,4.52,0
2024年11月01日06时00分00秒,67.82 ,0.52 ,32.18 ,0.19 ,31.42 ,0.61 ,28.29 ,0.46 ,31.57 ,0.51 ,29.24 ,0.37 ,37.99 ,0.41 ,33.65 ,0.30 ,36.61 ,0.53 ,32.68 ,0.35 ,32.16 ,0.73 ,30.26 ,0.64 ,,7.04,0.01,0,5.91,6.64,97.29,4.56,0
2024年11月01日06时15分00秒,67.82 ,0.53 ,32.14 ,0.19 ,31.43 ,0.62 ,28.27 ,0.46 ,31.72 ,0.51 ,29.26 ,0.38 ,38.00 ,0.41 ,33.61 ,0.30 ,36.65 ,0.53 ,32.71 ,0.37 ,32.87 ,0.69 ,30.27 ,0.61 ,,7.04,0.01,0,5.91,6.64,97.29,4.56,0
2024年11月01日06时30分00秒,70.49 ,0.53 ,32.14 ,0.19 ,31.61 ,0.63 ,28.28 ,0.47 ,32.28 ,0.50 ,29.28 ,0.36 ,38.10 ,0.41 ,33.69 ,0.30 ,36.73 ,0.53 ,32.78 ,0.37 ,33.06 ,0.69 ,30.38 ,0.61 ,,7.04,0.01,0,5.91,6.64,97.29,4.56,0
2024年11月01日06时45分00秒,71.09 ,0.53 ,32.29 ,0.19 ,31.74 ,0.64 ,28.28 ,0.48 ,31.92 ,0.52 ,29.29 ,0.38 ,38.12 ,0.40 ,33.79 ,0.29 ,36.94 ,0.53 ,32.85 ,0.37 ,33.23 ,0.70 ,30.42 ,0.62 ,,7.04,0.01,0,5.91,6.64,97.29,4.56,0
2024年11月01日07时00分00秒,71.10 ,0.56 ,32.10 ,0.18 ,31.32 ,0.65 ,28.31 ,0.49 ,32.56 ,0.51 ,29.35 ,0.37 ,38.00 ,0.40 ,33.87 ,0.29 ,36.39 ,0.52 ,32.88 ,0.36 ,33.12 ,0.72 ,30.46 ,0.64 ,,7.18,0.005,0,5.85,6.76,97.18,4.66,0
2024年11月01日07时15分00秒,70.89 ,0.56 ,32.21 ,0.19 ,31.93 ,0.61 ,28.37 ,0.45 ,32.70 ,0.50 ,29.44 ,0.37 ,38.02 ,0.40 ,33.96 ,0.29 ,36.33 ,0.53 ,32.87 ,0.36 ,32.53 ,0.72 ,30.53 ,0.64 ,,7.18,0.005,0,5.85,6.76,97.18,4.66,0
2024年11月01日07时30分00秒,70.53 ,0.55 ,32.28 ,0.18 ,31.88 ,0.62 ,28.42 ,0.46 ,32.72 ,0.50 ,29.54 ,0.37 ,37.95 ,0.39 ,33.90 ,0.28 ,36.54 ,0.53 ,32.90 ,0.36 ,33.23 ,0.70 ,30.61 ,0.61 ,,7.18,0.005,0,5.85,6.76,97.18,4.66,0
2024年11月01日07时45分00秒,70.66 ,0.55 ,32.36 ,0.18 ,31.93 ,0.63 ,28.47 ,0.47 ,32.34 ,0.51 ,29.61 ,0.37 ,37.87 ,0.43 ,33.84 ,0.32 ,36.54 ,0.53 ,32.88 ,0.37 ,33.29 ,0.69 ,30.65 ,0.61 ,,7.18,0.005,0,5.85,6.76,97.18,4.66,0
2024年11月01日08时00分00秒,70.30 ,0.57 ,32.30 ,0.18 ,32.02 ,0.64 ,28.51 ,0.48 ,32.37 ,0.51 ,29.65 ,0.38 ,37.66 ,0.42 ,33.61 ,0.32 ,36.41 ,0.53 ,32.82 ,0.36 ,32.49 ,0.70 ,30.65 ,0.62 ,,6.86,0.007,0,6.19,6.56,97.92,4.77,86720
2024年11月01日08时15分00秒,69.66 ,0.57 ,32.29 ,0.18 ,31.22 ,0.65 ,28.55 ,0.49 ,32.76 ,0.51 ,29.70 ,0.37 ,37.45 ,0.42 ,33.46 ,0.31 ,36.39 ,0.53 ,32.73 ,0.36 ,32.37 ,0.71 ,30.61 ,0.63 ,,6.86,0.007,0,6.19,6.56,97.92,4.77,86720
2024年11月01日08时30分00秒,69.61 ,0.57 ,32.27 ,0.18 ,32.02 ,0.61 ,28.58 ,0.46 ,32.58 ,0.51 ,29.76 ,0.38 ,37.50 ,0.41 ,33.49 ,0.31 ,36.31 ,0.53 ,32.65 ,0.36 ,31.59 ,0.73 ,30.43 ,0.64 ,,6.86,0.007,0,6.19,6.56,97.92,4.77,86720
2024年11月01日08时45分00秒,69.27 ,0.56 ,32.22 ,0.18 ,32.00 ,0.62 ,28.58 ,0.46 ,32.91 ,0.50 ,29.77 ,0.37 ,37.49 ,0.41 ,33.50 ,0.30 ,36.32 ,0.52 ,32.68 ,0.35 ,31.30 ,0.71 ,30.12 ,0.63 ,,6.86,0.007,0,6.19,6.56,97.92,4.77,86720
2024年11月01日09时00分00秒,68.85 ,0.56 ,32.12 ,0.18 ,31.99 ,0.63 ,28.59 ,0.47 ,32.77 ,0.50 ,29.79 ,0.36 ,37.35 ,0.41 ,33.41 ,0.30 ,36.24 ,0.53 ,32.62 ,0.36 ,31.73 ,0.68 ,29.97 ,0.60 ,,6.51,0.01,0,7.17,6.5,99.94,4.4,307712
2024年11月01日09时15分00秒,69.20 ,0.56 ,32.11 ,0.18 ,31.99 ,0.64 ,28.60 ,0.48 ,32.53 ,0.51 ,29.80 ,0.37 ,37.34 ,0.40 ,33.39 ,0.29 ,36.14 ,0.53 ,32.48 ,0.36 ,31.63 ,0.70 ,29.85 ,0.61 ,,6.51,0.01,0,7.17,6.5,99.94,4.4,307712
2024年11月01日09时30分00秒,69.45 ,0.55 ,32.12 ,0.18 ,31.27 ,0.65 ,28.61 ,0.49 ,32.47 ,0.51 ,29.80 ,0.38 ,37.34 ,0.40 ,33.37 ,0.29 ,36.16 ,0.52 ,32.46 ,0.35 ,31.46 ,0.71 ,29.67 ,0.62 ,,6.51,0.01,0,7.17,6.5,99.94,4.4,307712
2024年11月01日09时45分00秒,69.00 ,0.56 ,31.98 ,0.18 ,32.01 ,0.61 ,28.63 ,0.45 ,32.91 ,0.50 ,29.81 ,0.37 ,36.72 ,0.40 ,33.33 ,0.29 ,36.08 ,0.53 ,32.47 ,0.36 ,31.29 ,0.71 ,29.53 ,0.63 ,,6.51,0.01,0,7.17,6.5,99.94,4.4,307712
2024年11月01日10时00分00秒,68.83 ,0.56 ,31.96 ,0.17 ,32.02 ,0.62 ,28.66 ,0.46 ,32.63 ,0.50 ,29.83 ,0.36 ,36.94 ,0.41 ,33.07 ,0.31 ,36.09 ,0.53 ,32.46 ,0.36 ,30.51 ,0.73 ,29.39 ,0.64 ,,9.26,0.002,0,10.06,7.3,87.53,4.39,725120
2024年11月01日10时15分00秒,69.37 ,0.56 ,31.88 ,0.16 ,32.16 ,0.63 ,28.67 ,0.47 ,32.47 ,0.51 ,29.82 ,0.37 ,36.08 ,0.40 ,32.69 ,0.30 ,36.16 ,0.53 ,32.41 ,0.36 ,30.51 ,0.71 ,29.27 ,0.63 ,,9.26,0.002,0,10.06,7.3,87.53,4.39,725120
2024年11月01日10时30分00秒,69.51 ,0.56 ,31.96 ,0.16 ,32.20 ,0.64 ,28.68 ,0.48 ,32.78 ,0.51 ,29.83 ,0.37 ,36.22 ,0.41 ,32.20 ,0.30 ,35.96 ,0.53 ,32.46 ,0.37 ,31.07 ,0.69 ,29.20 ,0.60 ,,9.26,0.002,0,10.06,7.3,87.53,4.39,725120
2024年11月01日10时45分00秒,69.65 ,0.55 ,32.02 ,0.16 ,31.34 ,0.65 ,28.73 ,0.49 ,32.74 ,0.51 ,29.87 ,0.37 ,37.37 ,0.43 ,31.84 ,0.32 ,35.99 ,0.52 ,32.31 ,0.35 ,30.94 ,0.69 ,29.14 ,0.61 ,,9.26,0.002,0,10.06,7.3,87.53,4.39,725120
2024年11月01日11时00分00秒,69.79 ,0.54 ,31.99 ,0.18 ,32.13 ,0.61 ,28.77 ,0.45 ,32.41 ,0.51 ,29.90 ,0.37 ,37.47 ,0.42 ,31.98 ,0.31 ,35.93 ,0.53 ,32.30 ,0.36 ,30.84 ,0.70 ,29.06 ,0.62 ,,9.65,0.001,0,12.17,7.46,86.21,4.2,1137344
2024年11月01日11时15分00秒,70.39 ,0.54 ,31.96 ,0.18 ,32.17 ,0.62 ,28.80 ,0.46 ,32.51 ,0.51 ,29.91 ,0.38 ,37.42 ,0.42 ,32.02 ,0.28 ,35.77 ,0.55 ,32.35 ,0.35 ,30.76 ,0.72 ,29.02 ,0.63 ,,9.65,0.001,0,12.17,7.46,86.21,4.2,1137344
2024年11月01日11时30分00秒,71.14 ,0.54 ,31.96 ,0.19 ,32.28 ,0.63 ,28.83 ,0.47 ,31.78 ,0.51 ,29.91 ,0.38 ,38.21 ,0.47 ,32.36 ,0.33 ,35.78 ,0.56 ,32.35 ,0.36 ,30.05 ,0.73 ,28.93 ,0.65 ,,9.65,0.001,0,12.17,7.46,86.21,4.2,1137344
2024年11月01日11时45分00秒,70.65 ,0.54 ,32.06 ,0.19 ,32.24 ,0.63 ,28.85 ,0.48 ,32.23 ,0.50 ,29.89 ,0.37 ,38.29 ,0.46 ,32.59 ,0.32 ,35.68 ,0.56 ,32.31 ,0.36 ,30.21 ,0.70 ,28.87 ,0.62 ,,9.65,0.001,0,12.17,7.46,86.21,4.2,1137344
2024年11月01日12时00分00秒,70.70 ,0.54 ,32.24 ,0.19 ,32.14 ,0.64 ,28.90 ,0.48 ,31.90 ,0.50 ,29.71 ,0.36 ,38.53 ,0.46 ,32.88 ,0.32 ,35.72 ,0.56 ,32.33 ,0.36 ,30.70 ,0.69 ,28.88 ,0.61 ,,10.3,0,0,14.68,7.03,80.13,4.51,1552512
2024年11月01日12时15分00秒,70.79 ,0.55 ,32.05 ,0.18 ,32.07 ,0.65 ,28.94 ,0.49 ,31.55 ,0.50 ,29.54 ,0.37 ,37.74 ,0.46 ,33.32 ,0.32 ,36.09 ,0.56 ,32.39 ,0.36 ,30.83 ,0.70 ,28.85 ,0.61 ,,10.3,0,0,14.68,7.03,80.13,4.51,1552512
2024年11月01日12时30分00秒,70.16 ,0.55 ,31.96 ,0.18 ,32.35 ,0.61 ,28.96 ,0.45 ,31.70 ,0.50 ,29.36 ,0.36 ,37.79 ,0.45 ,33.55 ,0.31 ,35.84 ,0.56 ,32.44 ,0.36 ,30.73 ,0.71 ,28.81 ,0.63 ,,10.3,0,0,14.68,7.03,80.13,4.51,1552512
2024年11月01日12时45分00秒,71.41 ,0.55 ,32.03 ,0.18 ,32.49 ,0.62 ,28.98 ,0.47 ,31.68 ,0.50 ,29.27 ,0.37 ,37.98 ,0.45 ,33.65 ,0.31 ,36.23 ,0.56 ,32.48 ,0.36 ,30.65 ,0.72 ,28.81 ,0.64 ,,10.3,0,0,14.68,7.03,80.13,4.51,1552512
2024年11月01日13时00分00秒,72.03 ,0.55 ,31.95 ,0.18 ,32.56 ,0.63 ,29.01 ,0.47 ,31.65 ,0.51 ,29.18 ,0.37 ,37.98 ,0.44 ,33.56 ,0.30 ,36.36 ,0.56 ,32.58 ,0.37 ,30.18 ,0.73 ,28.80 ,0.65 ,,12.81,0,0,15.28,6.46,65.27,4.8,1822528
2024年11月01日13时15分00秒,72.72 ,0.55 ,32.09 ,0.18 ,32.61 ,0.64 ,29.05 ,0.49 ,31.63 ,0.51 ,29.11 ,0.37 ,38.06 ,0.44 ,33.58 ,0.30 ,36.52 ,0.56 ,32.67 ,0.36 ,30.59 ,0.70 ,28.82 ,0.61 ,,12.81,0,0,15.28,6.46,65.27,4.8,1822528
2024年11月01日13时30分00秒,72.73 ,0.55 ,32.13 ,0.18 ,32.04 ,0.65 ,29.12 ,0.49 ,31.30 ,0.51 ,29.06 ,0.37 ,38.12 ,0.44 ,33.64 ,0.30 ,36.61 ,0.56 ,32.76 ,0.36 ,30.92 ,0.69 ,28.88 ,0.61 ,,12.81,0,0,15.28,6.46,65.27,4.8,1822528
2024年11月01日13时45分00秒,72.02 ,0.55 ,32.27 ,0.18 ,32.72 ,0.61 ,29.18 ,0.46 ,30.93 ,0.51 ,29.03 ,0.37 ,38.10 ,0.44 ,33.70 ,0.30 ,36.62 ,0.56 ,32.87 ,0.36 ,30.94 ,0.70 ,28.91 ,0.62 ,,12.81,0,0,15.28,6.46,65.27,4.8,1822528
2024年11月01日14时00分00秒,71.49 ,0.55 ,32.24 ,0.18 ,32.72 ,0.62 ,29.24 ,0.46 ,30.83 ,0.51 ,28.91 ,0.37 ,38.10 ,0.44 ,33.77 ,0.29 ,36.64 ,0.56 ,32.92 ,0.36 ,30.90 ,0.71 ,28.93 ,0.63 ,,13.06,0,0,16.02,6.09,62.61,4.6,1824896
2024年11月01日14时15分00秒,71.06 ,0.55 ,32.27 ,0.18 ,32.75 ,0.63 ,29.28 ,0.47 ,30.81 ,0.52 ,28.92 ,0.38 ,38.11 ,0.43 ,33.83 ,0.29 ,36.61 ,0.56 ,32.89 ,0.36 ,30.30 ,0.73 ,28.94 ,0.64 ,,13.06,0,0,16.02,6.09,62.61,4.6,1824896
2024年11月01日14时30分00秒,70.27 ,0.55 ,32.14 ,0.18 ,32.68 ,0.64 ,29.31 ,0.48 ,30.73 ,0.51 ,28.88 ,0.37 ,38.07 ,0.43 ,33.85 ,0.29 ,36.54 ,0.55 ,32.91 ,0.36 ,30.33 ,0.71 ,28.95 ,0.63 ,,13.06,0,0,16.02,6.09,62.61,4.6,1824896
2024年11月01日14时45分00秒,69.67 ,0.56 ,32.27 ,0.18 ,32.27 ,0.65 ,29.35 ,0.49 ,30.68 ,0.52 ,28.83 ,0.38 ,38.00 ,0.43 ,33.87 ,0.29 ,36.42 ,0.57 ,32.98 ,0.36 ,30.92 ,0.69 ,29.00 ,0.60 ,,13.06,0,0,16.02,6.09,62.61,4.6,1824896
2024年11月01日15时00分00秒,69.84 ,0.58 ,32.23 ,0.18 ,32.85 ,0.62 ,29.38 ,0.46 ,30.70 ,0.51 ,28.79 ,0.38 ,38.05 ,0.47 ,33.87 ,0.32 ,36.71 ,0.56 ,33.01 ,0.35 ,30.99 ,0.70 ,29.02 ,0.61 ,,13,0,0,14.39,6.05,62.67,2.85,952512
2024年11月01日15时15分00秒,69.75 ,0.58 ,32.11 ,0.18 ,32.85 ,0.62 ,29.38 ,0.47 ,30.65 ,0.51 ,28.73 ,0.38 ,37.76 ,0.45 ,33.62 ,0.31 ,36.64 ,0.55 ,32.95 ,0.35 ,30.97 ,0.71 ,29.00 ,0.63 ,,13,0,0,14.39,6.05,62.67,2.85,952512
2024年11月01日15时30分00秒,69.56 ,0.56 ,32.02 ,0.18 ,32.73 ,0.63 ,29.40 ,0.47 ,30.71 ,0.51 ,28.69 ,0.37 ,37.60 ,0.45 ,33.45 ,0.31 ,36.12 ,0.57 ,32.80 ,0.36 ,30.74 ,0.72 ,29.01 ,0.64 ,,13,0,0,14.39,6.05,62.67,2.85,952512
2024年11月01日15时45分00秒,68.66 ,0.55 ,31.94 ,0.18 ,32.59 ,0.64 ,29.43 ,0.48 ,30.83 ,0.51 ,28.56 ,0.37 ,37.60 ,0.43 ,33.55 ,0.29 ,36.07 ,0.56 ,32.83 ,0.36 ,30.24 ,0.72 ,29.01 ,0.64 ,,13,0,0,14.39,6.05,62.67,2.85,952512
2024年11月01日16时00分00秒,67.85 ,0.55 ,31.95 ,0.18 ,31.79 ,0.65 ,29.44 ,0.49 ,30.35 ,0.51 ,28.42 ,0.38 ,36.90 ,0.46 ,33.45 ,0.32 ,35.99 ,0.57 ,32.85 ,0.37 ,30.76 ,0.69 ,29.02 ,0.61 ,,12.37,0,0,12.98,6.2,66,2.35,619264
2024年11月01日16时15分00秒,67.37 ,0.53 ,32.07 ,0.16 ,32.52 ,0.61 ,29.42 ,0.45 ,30.43 ,0.51 ,28.40 ,0.37 ,37.26 ,0.46 ,33.38 ,0.32 ,36.15 ,0.56 ,32.81 ,0.35 ,30.77 ,0.69 ,29.01 ,0.61 ,,12.37,0,0,12.98,6.2,66,2.35,619264
2024年11月01日16时30分00秒,67.17 ,0.51 ,31.90 ,0.18 ,32.29 ,0.62 ,29.37 ,0.46 ,30.01 ,0.51 ,28.31 ,0.38 ,37.55 ,0.46 ,33.23 ,0.32 ,35.92 ,0.56 ,32.74 ,0.36 ,31.59 ,0.70 ,28.98 ,0.62 ,,12.37,0,0,12.98,6.2,66,2.35,619264
2024年11月01日16时45分00秒,66.61 ,0.52 ,31.82 ,0.19 ,32.20 ,0.62 ,29.32 ,0.46 ,30.00 ,0.50 ,28.22 ,0.37 ,37.48 ,0.46 ,33.12 ,0.31 ,35.81 ,0.56 ,32.66 ,0.36 ,31.66 ,0.71 ,29.00 ,0.63 ,,12.37,0,0,12.98,6.2,66,2.35,619264
2024年11月01日17时00分00秒,66.42 ,0.53 ,31.63 ,0.19 ,32.13 ,0.63 ,29.26 ,0.47 ,30.20 ,0.50 ,28.13 ,0.37 ,37.46 ,0.44 ,33.11 ,0.30 ,35.72 ,0.56 ,32.58 ,0.36 ,31.54 ,0.72 ,29.11 ,0.64 ,,12.11,0,0,9.44,6.59,68.96,1.6,300160
2024年11月01日17时15分00秒,68.39 ,0.53 ,31.66 ,0.20 ,32.21 ,0.63 ,29.17 ,0.48 ,29.88 ,0.51 ,28.03 ,0.37 ,37.81 ,0.44 ,33.19 ,0.30 ,35.72 ,0.56 ,32.50 ,0.36 ,31.54 ,0.72 ,29.41 ,0.63 ,,12.11,0,0,9.44,6.59,68.96,1.6,300160
2024年11月01日17时30分00秒,68.51 ,0.54 ,31.63 ,0.20 ,32.01 ,0.64 ,29.10 ,0.49 ,29.67 ,0.51 ,27.93 ,0.37 ,37.88 ,0.44 ,33.25 ,0.30 ,35.80 ,0.56 ,32.44 ,0.36 ,32.42 ,0.69 ,29.61 ,0.61 ,,12.11,0,0,9.44,6.59,68.96,1.6,300160
2024年11月01日17时45分00秒,67.62 ,0.55 ,31.72 ,0.20 ,31.54 ,0.65 ,29.05 ,0.50 ,29.58 ,0.51 ,27.86 ,0.37 ,37.82 ,0.44 ,33.29 ,0.30 ,35.68 ,0.56 ,32.38 ,0.37 ,32.57 ,0.69 ,29.82 ,0.61 ,,12.11,0,0,9.44,6.59,68.96,1.6,300160
2024年11月01日18时00分00秒,67.10 ,0.54 ,31.69 ,0.19 ,31.96 ,0.61 ,29.00 ,0.45 ,29.84 ,0.50 ,27.80 ,0.36 ,37.84 ,0.44 ,33.38 ,0.29 ,35.60 ,0.56 ,32.34 ,0.35 ,32.71 ,0.70 ,30.05 ,0.62 ,,8.81,0,0,6.66,6.1,83.11,1.53,25600
2024年11月01日18时15分00秒,68.97 ,0.52 ,31.81 ,0.19 ,31.96 ,0.62 ,28.94 ,0.46 ,31.30 ,0.51 ,27.71 ,0.38 ,37.99 ,0.44 ,33.43 ,0.30 ,35.61 ,0.56 ,32.32 ,0.35 ,32.84 ,0.71 ,30.19 ,0.63 ,,8.81,0,0,6.66,6.1,83.11,1.53,25600
2024年11月01日18时30分00秒,69.15 ,0.53 ,31.57 ,0.19 ,31.93 ,0.62 ,28.83 ,0.47 ,31.24 ,0.51 ,27.67 ,0.37 ,38.08 ,0.44 ,33.46 ,0.30 ,35.64 ,0.56 ,32.27 ,0.36 ,32.44 ,0.72 ,30.25 ,0.64 ,,8.81,0,0,6.66,6.1,83.11,1.53,25600
2024年11月01日18时45分00秒,67.56 ,0.53 ,31.69 ,0.19 ,31.78 ,0.63 ,28.81 ,0.48 ,31.34 ,0.51 ,27.97 ,0.37 ,37.97 ,0.43 ,33.48 ,0.29 ,35.48 ,0.56 ,32.24 ,0.36 ,32.34 ,0.72 ,30.37 ,0.64 ,,8.81,0,0,6.66,6.1,83.11,1.53,25600
2024年11月01日19时00分00秒,66.71 ,0.54 ,31.63 ,0.19 ,31.65 ,0.64 ,28.76 ,0.48 ,32.00 ,0.50 ,28.34 ,0.37 ,37.91 ,0.43 ,33.53 ,0.29 ,35.94 ,0.56 ,32.22 ,0.36 ,32.08 ,0.69 ,30.51 ,0.61 ,,8.71,0,0,5.35,6.1,83.64,1.27,0
2024年11月01日19时15分00秒,67.86 ,0.54 ,31.62 ,0.19 ,31.19 ,0.65 ,28.72 ,0.49 ,31.96 ,0.51 ,28.58 ,0.37 ,38.03 ,0.43 ,33.50 ,0.29 ,36.12 ,0.57 ,32.27 ,0.36 ,32.11 ,0.69 ,30.49 ,0.61 ,,8.71,0,0,5.35,6.1,83.64,1.27,0
2024年11月01日19时30分00秒,67.45 ,0.54 ,31.75 ,0.19 ,31.64 ,0.63 ,28.67 ,0.47 ,32.27 ,0.51 ,28.85 ,0.38 ,38.00 ,0.47 ,33.48 ,0.32 ,36.11 ,0.56 ,32.29 ,0.36 ,31.87 ,0.70 ,30.26 ,0.62 ,,8.71,0,0,5.35,6.1,83.64,1.27,0
2024年11月01日19时45分00秒,69.74 ,0.56 ,32.05 ,0.19 ,31.80 ,0.61 ,28.61 ,0.46 ,32.18 ,0.51 ,29.09 ,0.37 ,38.21 ,0.46 ,33.39 ,0.33 ,36.45 ,0.56 ,32.33 ,0.36 ,31.66 ,0.71 ,29.95 ,0.63 ,,8.71,0,0,5.35,6.1,83.64,1.27,0
2024年11月01日20时00分00秒,69.85 ,0.55 ,31.96 ,0.19 ,31.87 ,0.62 ,28.56 ,0.46 ,32.61 ,0.50 ,29.31 ,0.37 ,38.28 ,0.46 ,33.34 ,0.32 ,36.62 ,0.56 ,32.48 ,0.35 ,31.15 ,0.72 ,29.79 ,0.64 ,,8.51,0,0,4.01,6.08,84.71,1.23,0
2024年11月01日20时15分00秒,69.27 ,0.56 ,32.19 ,0.18 ,31.86 ,0.62 ,28.56 ,0.47 ,31.73 ,0.51 ,29.44 ,0.37 ,38.28 ,0.46 ,33.41 ,0.32 ,36.71 ,0.56 ,32.58 ,0.36 ,30.78 ,0.72 ,29.63 ,0.64 ,,8.51,0,0,4.01,6.08,84.71,1.23,0
2024年11月01日20时30分00秒,70.01 ,0.60 ,31.95 ,0.18 ,32.12 ,0.63 ,28.57 ,0.47 ,31.91 ,0.51 ,29.49 ,0.38 ,37.61 ,0.46 ,33.48 ,0.31 ,36.18 ,0.56 ,32.67 ,0.36 ,31.04 ,0.70 ,29.53 ,0.62 ,,8.51,0,0,4.01,6.08,84.71,1.23,0
2024年11月01日20时45分00秒,70.77 ,0.60 ,31.88 ,0.18 ,32.19 ,0.64 ,28.63 ,0.48 ,32.39 ,0.51 ,29.45 ,0.37 ,37.69 ,0.45 ,33.52 ,0.31 ,36.51 ,0.56 ,32.74 ,0.36 ,31.42 ,0.69 ,29.46 ,0.60 ,,8.51,0,0,4.01,6.08,84.71,1.23,0
2024年11月01日21时00分00秒,70.59 ,0.59 ,31.93 ,0.18 ,32.05 ,0.64 ,28.65 ,0.49 ,31.79 ,0.51 ,29.38 ,0.37 ,37.56 ,0.45 ,33.42 ,0.31 ,36.40 ,0.57 ,32.72 ,0.37 ,31.35 ,0.70 ,29.39 ,0.61 ,,7.43,0,0,3.39,5.57,88.02,1.51,0
2024年11月01日21时15分00秒,68.35 ,0.60 ,31.85 ,0.18 ,31.59 ,0.65 ,28.71 ,0.50 ,32.10 ,0.51 ,29.36 ,0.37 ,37.20 ,0.45 ,33.29 ,0.31 ,36.26 ,0.56 ,32.72 ,0.36 ,31.19 ,0.71 ,29.35 ,0.62 ,,7.43,0,0,3.39,5.57,88.02,1.51,0
2024年11月01日21时30分00秒,68.64 ,0.60 ,31.90 ,0.18 ,32.12 ,0.61 ,28.76 ,0.45 ,31.89 ,0.50 ,29.32 ,0.36 ,37.18 ,0.45 ,33.23 ,0.31 ,36.26 ,0.56 ,32.70 ,0.36 ,31.04 ,0.72 ,29.27 ,0.64 ,,7.43,0,0,3.39,5.57,88.02,1.51,0
2024年11月01日21时45分00秒,71.04 ,0.60 ,31.92 ,0.18 ,32.33 ,0.62 ,28.76 ,0.46 ,31.74 ,0.52 ,29.25 ,0.38 ,37.29 ,0.45 ,33.18 ,0.30 ,36.45 ,0.56 ,32.70 ,0.36 ,30.44 ,0.73 ,29.16 ,0.64 ,,7.43,0,0,3.39,5.57,88.02,1.51,0
2024年11月01日22时00分00秒,71.42 ,0.62 ,31.96 ,0.18 ,32.52 ,0.62 ,28.78 ,0.47 ,32.21 ,0.50 ,29.19 ,0.37 ,37.40 ,0.45 ,33.07 ,0.31 ,36.64 ,0.56 ,32.71 ,0.36 ,30.56 ,0.71 ,29.07 ,0.63 ,,6.79,0,0,2.65,5.32,90.37,1.73,0
2024年11月01日22时15分00秒,69.90 ,0.63 ,31.83 ,0.19 ,32.46 ,0.63 ,28.80 ,0.47 ,31.89 ,0.50 ,29.19 ,0.36 ,37.24 ,0.45 ,33.01 ,0.30 ,36.35 ,0.56 ,32.72 ,0.37 ,31.08 ,0.68 ,29.06 ,0.60 ,,6.79,0,0,2.65,5.32,90.37,1.73,0
2024年11月01日22时30分00秒,71.00 ,0.63 ,31.84 ,0.19 ,32.60 ,0.64 ,28.88 ,0.48 ,31.86 ,0.51 ,29.24 ,0.38 ,37.07 ,0.44 ,33.05 ,0.29 ,36.67 ,0.56 ,32.75 ,0.36 ,31.09 ,0.69 ,29.05 ,0.61 ,,6.79,0,0,2.65,5.32,90.37,1.73,0
2024年11月01日22时45分00秒,67.70 ,0.63 ,31.75 ,0.19 ,31.62 ,0.65 ,28.95 ,0.49 ,31.99 ,0.51 ,29.24 ,0.36 ,37.10 ,0.44 ,33.05 ,0.30 ,36.35 ,0.56 ,32.78 ,0.36 ,30.95 ,0.70 ,29.01 ,0.62 ,,6.79,0,0,2.65,5.32,90.37,1.73,0
2024年11月01日23时00分00秒,68.68 ,0.63 ,31.76 ,0.20 ,32.46 ,0.61 ,29.02 ,0.45 ,31.75 ,0.50 ,29.27 ,0.37 ,37.22 ,0.47 ,32.92 ,0.33 ,36.25 ,0.56 ,32.76 ,0.37 ,30.81 ,0.71 ,28.98 ,0.63 ,,5.43,0,0,2.28,4.42,93.24,1.79,0
2024年11月01日23时15分00秒,70.92 ,0.63 ,32.01 ,0.20 ,32.48 ,0.61 ,29.03 ,0.46 ,31.74 ,0.51 ,29.23 ,0.37 ,37.98 ,0.45 ,32.98 ,0.31 ,36.67 ,0.56 ,32.80 ,0.36 ,30.82 ,0.72 ,28.92 ,0.64 ,,5.43,0,0,2.28,4.42,93.24,1.79,0
2024年11月01日23时30分00秒,71.60 ,0.63 ,32.30 ,0.19 ,32.44 ,0.62 ,29.04 ,0.46 ,31.83 ,0.51 ,29.19 ,0.38 ,38.09 ,0.45 ,32.99 ,0.31 ,36.72 ,0.56 ,32.79 ,0.36 ,30.47 ,0.72 ,28.84 ,0.64 ,,5.43,0,0,2.28,4.42,93.24,1.79,0
2024年11月01日23时45分00秒,71.73 ,0.63 ,32.21 ,0.19 ,32.51 ,0.63 ,29.04 ,0.47 ,32.35 ,0.51 ,29.22 ,0.37 ,37.64 ,0.45 ,33.15 ,0.31 ,36.82 ,0.56 ,32.82 ,0.36 ,31.10 ,0.69 ,28.87 ,0.61 ,,5.43,0,0,2.28,4.42,93.24,1.79,0
2024年11月02日00时00分00秒,72.23 ,0.64 ,32.12 ,0.19 ,32.56 ,0.64 ,29.05 ,0.48 ,31.92 ,0.51 ,29.26 ,0.37 ,37.85 ,0.45 ,33.36 ,0.31 ,36.91 ,0.56 ,32.86 ,0.36 ,31.28 ,0.69 ,28.99 ,0.61 ,6.92 ,5.33,0,0,1.99,4.53,94.58,1.84,0
2024年11月02日00时15分00秒,72.40 ,0.67 ,32.13 ,0.19 ,32.30 ,0.65 ,29.08 ,0.49 ,32.54 ,0.51 ,29.30 ,0.37 ,38.01 ,0.45 ,33.49 ,0.31 ,36.68 ,0.56 ,32.94 ,0.36 ,31.40 ,0.70 ,29.03 ,0.62 ,6.78 ,5.33,0,0,1.99,4.53,94.58,1.84,0
2024年11月02日00时30分00秒,71.50 ,0.66 ,32.09 ,0.19 ,32.63 ,0.63 ,29.10 ,0.47 ,32.42 ,0.50 ,29.36 ,0.36 ,37.90 ,0.45 ,33.47 ,0.31 ,36.57 ,0.56 ,32.93 ,0.36 ,31.38 ,0.71 ,29.07 ,0.62 ,6.77 ,5.33,0,0,1.99,4.53,94.58,1.84,0
2024年11月02日00时45分00秒,70.92 ,0.65 ,32.25 ,0.19 ,32.60 ,0.61 ,29.12 ,0.46 ,32.02 ,0.50 ,29.42 ,0.37 ,37.86 ,0.45 ,33.50 ,0.31 ,36.52 ,0.56 ,32.94 ,0.36 ,31.32 ,0.72 ,29.11 ,0.63 ,6.59 ,5.33,0,0,1.99,4.53,94.58,1.84,0
2024年11月02日01时00分00秒,71.08 ,0.66 ,32.27 ,0.18 ,32.58 ,0.62 ,29.12 ,0.46 ,32.06 ,0.52 ,29.46 ,0.38 ,37.89 ,0.45 ,33.54 ,0.31 ,36.55 ,0.56 ,32.89 ,0.36 ,30.75 ,0.73 ,29.13 ,0.65 ,6.48 ,4.73,0,0,1.6,4.12,95.82,2,0
2024年11月02日01时15分00秒,71.32 ,0.65 ,32.20 ,0.18 ,32.59 ,0.63 ,29.14 ,0.47 ,32.08 ,0.52 ,29.47 ,0.38 ,37.89 ,0.45 ,33.54 ,0.30 ,36.57 ,0.56 ,32.87 ,0.35 ,30.88 ,0.70 ,29.15 ,0.62 ,6.19 ,4.73,0,0,1.6,4.12,95.82,2,0
2024年11月02日01时30分00秒,71.42 ,0.66 ,32.31 ,0.18 ,32.60 ,0.63 ,29.13 ,0.48 ,32.54 ,0.51 ,29.48 ,0.37 ,37.90 ,0.45 ,33.55 ,0.30 ,36.53 ,0.56 ,32.84 ,0.36 ,31.49 ,0.69 ,29.20 ,0.60 ,6.08 ,4.73,0,0,1.6,4.12,95.82,2,0
2024年11月02日01时45分00秒,71.38 ,0.66 ,32.04 ,0.18 ,32.55 ,0.64 ,29.14 ,0.48 ,32.20 ,0.50 ,29.49 ,0.37 ,37.88 ,0.45 ,33.52 ,0.30 ,36.29 ,0.56 ,32.82 ,0.36 ,31.48 ,0.70 ,29.23 ,0.61 ,5.94 ,4.73,0,0,1.6,4.12,95.82,2,0
2024年11月02日02时00分00秒,71.13 ,0.65 ,32.32 ,0.18 ,31.83 ,0.65 ,29.14 ,0.49 ,32.06 ,0.51 ,29.50 ,0.37 ,37.85 ,0.44 ,33.50 ,0.30 ,36.46 ,0.56 ,32.80 ,0.36 ,31.47 ,0.70 ,29.24 ,0.62 ,5.74 ,4.91,0,0,1.21,4.22,95.29,2.11,0
2024年11月02日02时15分00秒,70.63 ,0.66 ,32.25 ,0.18 ,32.56 ,0.61 ,29.15 ,0.45 ,32.15 ,0.51 ,29.50 ,0.38 ,37.89 ,0.44 ,33.53 ,0.30 ,36.44 ,0.56 ,32.77 ,0.36 ,31.49 ,0.71 ,29.25 ,0.63 ,5.59 ,4.91,0,0,1.21,4.22,95.29,2.11,0
2024年11月02日02时30分00秒,70.65 ,0.66 ,32.11 ,0.19 ,32.54 ,0.62 ,29.12 ,0.46 ,32.55 ,0.51 ,29.51 ,0.37 ,37.83 ,0.45 ,33.54 ,0.31 ,36.45 ,0.55 ,32.75 ,0.36 ,31.03 ,0.73 ,29.22 ,0.64 ,5.53 ,4.91,0,0,1.21,4.22,95.29,2.11,0
2024年11月02日02时45分00秒,70.95 ,0.65 ,32.17 ,0.18 ,32.53 ,0.62 ,29.10 ,0.46 ,32.43 ,0.50 ,29.50 ,0.36 ,37.86 ,0.45 ,33.55 ,0.30 ,36.39 ,0.56 ,32.72 ,0.36 ,30.81 ,0.72 ,29.19 ,0.64 ,5.49 ,4.91,0,0,1.21,4.22,95.29,2.11,0
2024年11月02日03时00分00秒,71.73 ,0.66 ,32.25 ,0.18 ,32.59 ,0.63 ,29.09 ,0.47 ,32.48 ,0.50 ,29.49 ,0.37 ,37.92 ,0.44 ,33.52 ,0.30 ,36.46 ,0.56 ,32.70 ,0.36 ,31.42 ,0.69 ,29.21 ,0.61 ,5.48 ,5.06,0,0,0.9,4.27,94.66,2.42,0
2024年11月02日03时15分00秒,71.82 ,0.65 ,32.18 ,0.19 ,32.58 ,0.63 ,29.07 ,0.48 ,32.10 ,0.51 ,29.49 ,0.37 ,37.92 ,0.44 ,33.52 ,0.30 ,36.42 ,0.56 ,32.69 ,0.36 ,31.51 ,0.69 ,29.24 ,0.61 ,5.51 ,5.06,0,0,0.9,4.27,94.66,2.42,0
2024年11月02日03时30分00秒,71.64 ,0.65 ,32.11 ,0.18 ,32.54 ,0.64 ,29.08 ,0.48 ,32.61 ,0.51 ,29.51 ,0.37 ,37.92 ,0.44 ,33.51 ,0.30 ,36.43 ,0.56 ,32.70 ,0.36 ,31.50 ,0.70 ,29.25 ,0.61 ,4.99 ,5.06,0,0,0.9,4.27,94.66,2.42,0
2024年11月02日03时45分00秒,70.37 ,0.65 ,32.19 ,0.18 ,31.79 ,0.65 ,29.09 ,0.49 ,32.45 ,0.50 ,29.51 ,0.36 ,37.83 ,0.44 ,33.53 ,0.30 ,36.30 ,0.56 ,32.67 ,0.36 ,31.47 ,0.71 ,29.24 ,0.62 ,4.98 ,5.06,0,0,0.9,4.27,94.66,2.42,0
2024年11月02日04时00分00秒,68.89 ,0.65 ,32.04 ,0.18 ,32.31 ,0.61 ,29.09 ,0.45 ,32.32 ,0.50 ,29.51 ,0.37 ,37.65 ,0.44 ,33.50 ,0.30 ,36.10 ,0.56 ,32.64 ,0.36 ,31.23 ,0.72 ,29.22 ,0.64 ,4.91 ,4.54,0,0,0.57,3.76,94.65,2.66,0
2024年11月02日04时15分00秒,69.18 ,0.65 ,32.02 ,0.18 ,32.33 ,0.62 ,29.05 ,0.46 ,31.97 ,0.51 ,29.49 ,0.37 ,37.69 ,0.44 ,33.48 ,0.30 ,36.12 ,0.56 ,32.61 ,0.36 ,30.65 ,0.73 ,29.18 ,0.65 ,4.61 ,4.54,0,0,0.57,3.76,94.65,2.66,0
2024年11月02日04时30分00秒,68.14 ,0.64 ,32.01 ,0.18 ,32.14 ,0.62 ,29.00 ,0.46 ,31.95 ,0.51 ,29.43 ,0.38 ,37.50 ,0.44 ,33.47 ,0.30 ,35.92 ,0.56 ,32.55 ,0.36 ,31.40 ,0.70 ,29.12 ,0.62 ,4.55 ,4.54,0,0,0.57,3.76,94.65,2.66,0
2024年11月02日04时45分00秒,67.22 ,0.63 ,31.95 ,0.19 ,32.01 ,0.62 ,28.96 ,0.47 ,31.98 ,0.50 ,29.37 ,0.36 ,37.31 ,0.44 ,33.41 ,0.29 ,36.01 ,0.56 ,32.51 ,0.36 ,31.92 ,0.68 ,29.17 ,0.60 ,4.33 ,4.54,0,0,0.57,3.76,94.65,2.66,0
2024年11月02日05时00分00秒,67.51 ,0.62 ,31.98 ,0.18 ,31.97 ,0.63 ,28.91 ,0.47 ,31.54 ,0.51 ,29.32 ,0.37 ,37.28 ,0.44 ,33.32 ,0.30 ,35.98 ,0.56 ,32.44 ,0.36 ,31.99 ,0.70 ,29.29 ,0.61 ,4.51 ,4.57,0,0,0.58,3.76,94.52,2.81,0
2024年11月02日05时15分00秒,68.24 ,0.63 ,31.91 ,0.19 ,31.97 ,0.63 ,28.83 ,0.48 ,31.53 ,0.51 ,29.23 ,0.37 ,37.26 ,0.44 ,33.23 ,0.29 ,36.01 ,0.57 ,32.41 ,0.36 ,32.24 ,0.70 ,29.50 ,0.62 ,4.10 ,4.57,0,0,0.58,3.76,94.52,2.81,0
2024年11月02日05时30分00秒,68.38 ,0.63 ,31.82 ,0.18 ,31.87 ,0.64 ,28.76 ,0.48 ,31.58 ,0.50 ,29.15 ,0.37 ,37.18 ,0.44 ,33.15 ,0.30 ,35.99 ,0.56 ,32.38 ,0.36 ,32.24 ,0.71 ,29.52 ,0.63 ,4.05 ,4.57,0,0,0.58,3.76,94.52,2.81,0
2024年11月02日05时45分00秒,68.90 ,0.63 ,31.75 ,0.19 ,31.16 ,0.65 ,28.72 ,0.49 ,31.75 ,0.50 ,29.09 ,0.36 ,37.18 ,0.44 ,33.07 ,0.30 ,35.82 ,0.56 ,32.35 ,0.36 ,32.10 ,0.72 ,29.59 ,0.64 ,4.02 ,4.57,0,0,0.58,3.76,94.52,2.81,0
2024年11月02日06时00分00秒,69.89 ,0.65 ,31.83 ,0.18 ,31.98 ,0.63 ,28.67 ,0.47 ,31.83 ,0.50 ,29.05 ,0.36 ,37.28 ,0.44 ,33.05 ,0.29 ,36.15 ,0.56 ,32.35 ,0.36 ,30.85 ,0.72 ,29.69 ,0.64 ,3.77 ,4.47,0,0,-0.12,3.78,95.27,2.8,0
2024年11月02日06时15分00秒,71.84 ,0.65 ,31.86 ,0.18 ,32.11 ,0.61 ,28.61 ,0.46 ,31.70 ,0.50 ,29.01 ,0.37 ,37.43 ,0.44 ,33.04 ,0.29 ,36.34 ,0.56 ,32.37 ,0.36 ,31.57 ,0.69 ,29.78 ,0.61 ,3.68 ,4.47,0,0,-0.12,3.78,95.27,2.8,0
2024年11月02日06时30分00秒,71.13 ,0.65 ,31.85 ,0.18 ,32.06 ,0.62 ,28.58 ,0.46 ,31.85 ,0.50 ,29.01 ,0.36 ,37.45 ,0.44 ,33.01 ,0.30 ,36.36 ,0.56 ,32.41 ,0.36 ,31.55 ,0.69 ,29.72 ,0.61 ,3.78 ,4.47,0,0,-0.12,3.78,95.27,2.8,0
2024年11月02日06时45分00秒,68.89 ,0.65 ,31.78 ,0.18 ,31.81 ,0.63 ,28.58 ,0.47 ,31.57 ,0.52 ,29.05 ,0.38 ,37.35 ,0.44 ,33.03 ,0.29 ,36.10 ,0.56 ,32.42 ,0.36 ,31.10 ,0.70 ,29.41 ,0.61 ,3.65 ,4.47,0,0,-0.12,3.78,95.27,2.8,0
2024年11月02日07时00分00秒,68.54 ,0.64 ,31.76 ,0.18 ,31.78 ,0.63 ,28.58 ,0.47 ,31.57 ,0.51 ,29.05 ,0.38 ,37.38 ,0.44 ,33.08 ,0.29 ,36.04 ,0.56 ,32.45 ,0.37 ,30.99 ,0.70 ,29.24 ,0.62 ,3.84 ,4.35,0,0,0.67,3.73,95.71,2.74,0
2024年11月02日07时15分00秒,68.81 ,0.63 ,31.75 ,0.19 ,31.76 ,0.64 ,28.56 ,0.48 ,31.58 ,0.51 ,29.01 ,0.38 ,37.40 ,0.43 ,33.08 ,0.29 ,36.49 ,0.56 ,32.50 ,0.35 ,30.82 ,0.71 ,29.11 ,0.63 ,4.00 ,4.35,0,0,0.67,3.73,95.71,2.74,0
2024年11月02日07时30分00秒,69.91 ,0.63 ,31.56 ,0.19 ,31.53 ,0.64 ,28.53 ,0.49 ,31.93 ,0.51 ,28.97 ,0.37 ,37.40 ,0.43 ,33.02 ,0.29 ,36.57 ,0.56 ,32.48 ,0.36 ,30.50 ,0.72 ,28.88 ,0.64 ,3.82 ,4.35,0,0,0.67,3.73,95.71,2.74,0
2024年11月02日07时45分00秒,70.61 ,0.63 ,31.82 ,0.19 ,31.17 ,0.65 ,28.48 ,0.49 ,31.70 ,0.51 ,28.92 ,0.38 ,37.55 ,0.43 ,33.03 ,0.29 ,36.52 ,0.56 ,32.55 ,0.37 ,29.89 ,0.73 ,28.70 ,0.64 ,3.83 ,4.35,0,0,0.67,3.73,95.71,2.74,0
2024年11月02日08时00分00秒,70.93 ,0.63 ,31.80 ,0.18 ,31.84 ,0.62 ,28.46 ,0.47 ,31.94 ,0.51 ,28.91 ,0.37 ,37.63 ,0.43 ,33.07 ,0.29 ,36.81 ,0.56 ,32.60 ,0.36 ,29.81 ,0.72 ,28.53 ,0.64 ,3.80 ,4.15,0,0,4.88,3.82,97.76,3.11,191232
2024年11月02日08时15分00秒,68.88 ,0.63 ,31.61 ,0.18 ,31.60 ,0.61 ,28.43 ,0.45 ,31.83 ,0.50 ,28.91 ,0.37 ,37.37 ,0.43 ,33.03 ,0.29 ,36.45 ,0.56 ,32.68 ,0.36 ,29.84 ,0.70 ,28.42 ,0.62 ,3.96 ,4.15,0,0,4.88,3.82,97.76,3.11,191232
2024年11月02日08时30分00秒,67.71 ,0.60 ,31.68 ,0.18 ,31.49 ,0.62 ,28.40 ,0.46 ,31.70 ,0.51 ,28.90 ,0.37 ,37.32 ,0.43 ,33.08 ,0.29 ,36.35 ,0.56 ,32.66 ,0.36 ,30.06 ,0.69 ,28.36 ,0.60 ,4.13 ,4.15,0,0,4.88,3.82,97.76,3.11,191232
2024年11月02日08时45分00秒,67.08 ,0.60 ,31.54 ,0.19 ,31.24 ,0.62 ,28.36 ,0.46 ,31.42 ,0.51 ,28.85 ,0.37 ,37.12 ,0.43 ,33.08 ,0.29 ,36.05 ,0.56 ,32.60 ,0.36 ,29.79 ,0.69 ,28.23 ,0.61 ,4.47 ,4.15,0,0,4.88,3.82,97.76,3.11,191232
2024年11月02日09时00分00秒,67.56 ,0.53 ,31.75 ,0.19 ,30.95 ,0.63 ,28.30 ,0.47 ,32.85 ,0.51 ,28.76 ,0.37 ,38.09 ,0.43 ,33.02 ,0.29 ,36.68 ,0.56 ,32.58 ,0.36 ,29.91 ,0.70 ,28.09 ,0.61 ,4.71 ,5.15,0,0,9.07,4.71,96.94,3.78,760448
2024年11月02日09时15分00秒,68.54 ,0.53 ,31.58 ,0.19 ,30.98 ,0.63 ,28.23 ,0.47 ,32.93 ,0.51 ,28.68 ,0.37 ,38.19 ,0.43 ,33.01 ,0.29 ,36.88 ,0.56 ,32.61 ,0.36 ,29.86 ,0.71 ,27.94 ,0.63 ,5.28 ,5.15,0,0,9.07,4.71,96.94,3.78,760448
2024年11月02日09时30分00秒,67.38 ,0.54 ,31.58 ,0.19 ,30.82 ,0.63 ,28.13 ,0.48 ,33.01 ,0.50 ,28.91 ,0.36 ,38.13 ,0.43 ,33.04 ,0.29 ,36.76 ,0.57 ,32.61 ,0.36 ,29.70 ,0.72 ,27.83 ,0.63 ,5.71 ,5.15,0,0,9.07,4.71,96.94,3.78,760448
2024年11月02日09时45分00秒,65.76 ,0.52 ,31.47 ,0.19 ,30.57 ,0.64 ,28.05 ,0.48 ,33.05 ,0.51 ,29.27 ,0.37 ,38.08 ,0.43 ,33.32 ,0.29 ,36.54 ,0.56 ,32.65 ,0.35 ,29.31 ,0.73 ,27.84 ,0.64 ,5.91 ,5.15,0,0,9.07,4.71,96.94,3.78,760448
2024年11月02日10时00分00秒,66.86 ,0.52 ,31.62 ,0.19 ,30.31 ,0.65 ,27.98 ,0.49 ,33.39 ,0.51 ,29.49 ,0.37 ,38.31 ,0.44 ,33.50 ,0.29 ,36.70 ,0.56 ,32.72 ,0.36 ,29.08 ,0.72 ,27.83 ,0.64 ,6.19 ,9.17,0,0,12.29,5.34,76.96,4.93,1353088
2024年11月02日10时15分00秒,67.41 ,0.52 ,31.78 ,0.19 ,30.01 ,0.65 ,27.89 ,0.49 ,33.53 ,0.50 ,29.64 ,0.36 ,38.46 ,0.43 ,33.58 ,0.29 ,36.59 ,0.57 ,32.80 ,0.37 ,29.14 ,0.71 ,27.78 ,0.62 ,6.67 ,9.17,0,0,12.29,5.34,76.96,4.93,1353088
2024年11月02日10时30分00秒,70.14 ,0.50 ,32.07 ,0.18 ,30.55 ,0.62 ,27.81 ,0.47 ,34.27 ,0.50 ,29.80 ,0.37 ,38.74 ,0.43 ,33.61 ,0.29 ,37.07 ,0.56 ,32.84 ,0.36 ,29.70 ,0.69 ,27.77 ,0.61 ,7.47 ,9.17,0,0,12.29,5.34,76.96,4.93,1353088
2024年11月02日10时45分00秒,71.95 ,0.50 ,32.12 ,0.18 ,30.64 ,0.61 ,27.74 ,0.45 ,34.76 ,0.51 ,29.98 ,0.37 ,39.13 ,0.44 ,33.73 ,0.29 ,37.29 ,0.57 ,32.96 ,0.36 ,29.85 ,0.69 ,27.78 ,0.60 ,7.89 ,9.17,0,0,12.29,5.34,76.96,4.93,1353088
2024年11月02日11时00分00秒,71.73 ,0.51 ,32.22 ,0.18 ,30.58 ,0.62 ,27.70 ,0.46 ,34.75 ,0.51 ,30.28 ,0.38 ,39.24 ,0.44 ,33.86 ,0.30 ,37.44 ,0.56 ,33.04 ,0.36 ,29.85 ,0.69 ,27.80 ,0.61 ,8.32 ,9.34,0,0,15.65,4.49,71.68,5.79,1814784
2024年11月02日11时15分00秒,67.30 ,0.52 ,31.81 ,0.20 ,34.58 ,0.63 ,27.70 ,0.47 ,34.53 ,0.51 ,30.65 ,0.38 ,38.23 ,0.44 ,34.06 ,0.29 ,37.03 ,0.56 ,33.15 ,0.36 ,31.98 ,0.70 ,27.82 ,0.61 ,8.47 ,9.34,0,0,15.65,4.49,71.68,5.79,1814784
2024年11月02日11时30分00秒,69.78 ,0.52 ,31.86 ,0.21 ,35.65 ,0.64 ,27.86 ,0.48 ,35.08 ,0.51 ,30.95 ,0.37 ,38.59 ,0.44 ,34.25 ,0.30 ,37.34 ,0.56 ,33.21 ,0.36 ,32.49 ,0.70 ,28.16 ,0.62 ,8.68 ,9.34,0,0,15.65,4.49,71.68,5.79,1814784
2024年11月02日11时45分00秒,69.03 ,0.52 ,31.94 ,0.21 ,35.23 ,0.65 ,28.36 ,0.49 ,35.44 ,0.51 ,31.12 ,0.37 ,38.49 ,0.43 ,34.18 ,0.29 ,37.32 ,0.56 ,33.31 ,0.36 ,32.95 ,0.71 ,28.75 ,0.63 ,9.13 ,9.34,0,0,15.65,4.49,71.68,5.79,1814784
2024年11月02日12时00分00秒,68.91 ,0.57 ,32.30 ,0.21 ,35.42 ,0.61 ,29.14 ,0.45 ,35.58 ,0.51 ,31.27 ,0.38 ,38.53 ,0.43 ,34.04 ,0.29 ,37.66 ,0.56 ,33.37 ,0.36 ,31.33 ,0.72 ,29.59 ,0.64 ,9.50 ,9.59,0,0,17.66,3.67,66.54,6.33,2086528
2024年11月02日12时15分00秒,70.50 ,0.61 ,32.74 ,0.21 ,34.79 ,0.62 ,29.90 ,0.46 ,35.96 ,0.51 ,31.43 ,0.38 ,38.86 ,0.44 ,34.03 ,0.30 ,38.09 ,0.56 ,33.46 ,0.36 ,31.24 ,0.73 ,29.92 ,0.65 ,10.09 ,9.59,0,0,17.66,3.67,66.54,6.33,2086528
2024年11月02日12时30分00秒,71.48 ,0.60 ,33.11 ,0.21 ,35.28 ,0.62 ,30.37 ,0.47 ,36.12 ,0.51 ,31.61 ,0.37 ,38.98 ,0.44 ,34.03 ,0.30 ,38.36 ,0.56 ,33.60 ,0.36 ,31.51 ,0.71 ,29.97 ,0.63 ,10.19 ,9.59,0,0,17.66,3.67,66.54,6.33,2086528
2024年11月02日12时45分00秒,70.67 ,0.64 ,33.29 ,0.21 ,35.70 ,0.63 ,30.68 ,0.47 ,35.61 ,0.51 ,31.91 ,0.38 ,39.10 ,0.44 ,34.07 ,0.29 ,37.21 ,0.56 ,33.65 ,0.36 ,31.87 ,0.69 ,29.69 ,0.61 ,10.33 ,9.59,0,0,17.66,3.67,66.54,6.33,2086528
2024年11月02日13时00分00秒,68.09 ,0.64 ,33.80 ,0.21 ,35.11 ,0.64 ,30.87 ,0.47 ,35.87 ,0.51 ,32.15 ,0.38 ,38.91 ,0.44 ,34.20 ,0.30 ,36.99 ,0.56 ,33.69 ,0.36 ,31.76 ,0.69 ,29.74 ,0.61 ,10.49 ,12.76,0,0,18.37,3.84,54.59,6.7,2136512
2024年11月02日13时15分00秒,68.05 ,0.64 ,33.45 ,0.21 ,35.20 ,0.64 ,31.00 ,0.48 ,35.55 ,0.52 ,32.17 ,0.38 ,38.98 ,0.44 ,34.29 ,0.29 ,36.97 ,0.56 ,33.67 ,0.36 ,31.86 ,0.70 ,29.73 ,0.61 ,10.68 ,12.76,0,0,18.37,3.84,54.59,6.7,2136512
2024年11月02日13时30分00秒,67.45 ,0.64 ,33.68 ,0.21 ,34.36 ,0.65 ,31.06 ,0.49 ,35.29 ,0.51 ,32.15 ,0.37 ,38.98 ,0.44 ,34.40 ,0.29 ,36.84 ,0.55 ,33.59 ,0.35 ,31.77 ,0.70 ,29.65 ,0.62 ,10.69 ,12.76,0,0,18.37,3.84,54.59,6.7,2136512
2024年11月02日13时45分00秒,67.79 ,0.63 ,33.59 ,0.20 ,35.23 ,0.62 ,31.08 ,0.47 ,35.30 ,0.51 ,32.13 ,0.37 ,38.98 ,0.44 ,34.41 ,0.29 ,36.71 ,0.56 ,33.43 ,0.36 ,31.66 ,0.71 ,29.58 ,0.63 ,10.95 ,12.76,0,0,18.37,3.84,54.59,6.7,2136512
2024年11月02日14时00分00秒,66.99 ,0.66 ,33.42 ,0.20 ,35.19 ,0.61 ,31.06 ,0.46 ,34.24 ,0.50 ,32.06 ,0.37 ,38.95 ,0.43 ,34.43 ,0.30 ,36.58 ,0.56 ,33.30 ,0.36 ,31.53 ,0.72 ,29.56 ,0.64 ,11.07 ,12.85,0,0,18.18,3.83,54.2,6.67,1958208
2024年11月02日14时15分00秒,66.80 ,0.65 ,33.40 ,0.20 ,35.17 ,0.62 ,31.06 ,0.47 ,34.24 ,0.51 ,31.93 ,0.38 ,38.99 ,0.44 ,34.44 ,0.29 ,36.22 ,0.56 ,33.21 ,0.36 ,30.95 ,0.72 ,29.52 ,0.64 ,11.15 ,12.85,0,0,18.18,3.83,54.2,6.67,1958208
2024年11月02日14时30分00秒,66.74 ,0.65 ,33.11 ,0.20 ,35.20 ,0.63 ,31.06 ,0.47 ,33.56 ,0.51 ,31.64 ,0.37 ,39.01 ,0.43 ,34.47 ,0.29 ,36.41 ,0.56 ,33.12 ,0.36 ,31.05 ,0.71 ,29.51 ,0.63 ,11.30 ,12.85,0,0,18.18,3.83,54.2,6.67,1958208
2024年11月02日14时45分00秒,66.75 ,0.63 ,32.97 ,0.20 ,35.15 ,0.64 ,31.08 ,0.48 ,33.78 ,0.50 ,31.37 ,0.36 ,38.95 ,0.43 ,34.46 ,0.29 ,36.72 ,0.56 ,33.03 ,0.36 ,31.57 ,0.69 ,29.51 ,0.61 ,11.48 ,12.85,0,0,18.18,3.83,54.2,6.67,1958208
2024年11月02日15时00分00秒,65.16 ,0.65 ,32.77 ,0.20 ,34.86 ,0.64 ,31.08 ,0.48 ,34.08 ,0.50 ,31.10 ,0.36 ,38.73 ,0.43 ,34.45 ,0.29 ,36.58 ,0.56 ,33.03 ,0.36 ,31.46 ,0.69 ,29.49 ,0.61 ,11.09 ,13.2,0,0,16.81,3.9,53.22,5.94,1569088
2024年11月02日15时15分00秒,65.27 ,0.64 ,32.70 ,0.20 ,34.08 ,0.65 ,31.09 ,0.49 ,33.88 ,0.51 ,30.95 ,0.38 ,38.70 ,0.43 ,34.45 ,0.29 ,36.53 ,0.56 ,32.96 ,0.36 ,31.41 ,0.70 ,29.46 ,0.61 ,11.20 ,13.2,0,0,16.81,3.9,53.22,5.94,1569088
2024年11月02日15时30分00秒,66.64 ,0.65 ,32.84 ,0.20 ,35.05 ,0.64 ,31.06 ,0.48 ,34.05 ,0.51 ,30.91 ,0.37 ,38.85 ,0.47 ,34.40 ,0.33 ,36.53 ,0.57 ,32.99 ,0.37 ,31.45 ,0.70 ,29.42 ,0.62 ,11.14 ,13.2,0,0,16.81,3.9,53.22,5.94,1569088
2024年11月02日15时45分00秒,65.64 ,0.63 ,33.43 ,0.20 ,34.88 ,0.61 ,31.00 ,0.45 ,34.27 ,0.51 ,30.83 ,0.37 ,38.57 ,0.47 ,34.31 ,0.33 ,36.57 ,0.56 ,32.98 ,0.36 ,31.30 ,0.71 ,29.35 ,0.63 ,11.13 ,13.2,0,0,16.81,3.9,53.22,5.94,1569088
2024年11月02日16时00分00秒,65.56 ,0.64 ,33.41 ,0.21 ,34.85 ,0.62 ,30.96 ,0.46 ,34.26 ,0.51 ,30.82 ,0.37 ,38.45 ,0.47 ,34.12 ,0.33 ,36.34 ,0.56 ,32.99 ,0.36 ,31.18 ,0.72 ,29.30 ,0.63 ,10.88 ,13.29,0,0,14.37,4.25,54.25,4.76,1024768
2024年11月02日16时15分00秒,64.89 ,0.65 ,33.33 ,0.21 ,34.74 ,0.62 ,30.93 ,0.47 ,34.82 ,0.51 ,30.95 ,0.37 ,38.37 ,0.46 ,34.07 ,0.32 ,36.52 ,0.56 ,32.99 ,0.36 ,30.62 ,0.72 ,29.26 ,0.64 ,10.81 ,13.29,0,0,14.37,4.25,54.25,4.76,1024768
2024年11月02日16时30分00秒,65.05 ,0.65 ,32.88 ,0.21 ,34.75 ,0.63 ,30.89 ,0.47 ,34.98 ,0.51 ,31.07 ,0.37 ,38.35 ,0.46 ,34.03 ,0.32 ,36.52 ,0.56 ,32.96 ,0.36 ,30.54 ,0.73 ,29.22 ,0.65 ,10.46 ,13.29,0,0,14.37,4.25,54.25,4.76,1024768
2024年11月02日16时45分00秒,64.65 ,0.73 ,33.14 ,0.22 ,34.90 ,0.63 ,30.85 ,0.48 ,35.04 ,0.51 ,31.16 ,0.38 ,38.44 ,0.46 ,33.97 ,0.32 ,36.77 ,0.56 ,32.95 ,0.35 ,30.64 ,0.71 ,29.18 ,0.63 ,10.33 ,13.29,0,0,14.37,4.25,54.25,4.76,1024768
2024年11月02日17时00分00秒,65.88 ,0.71 ,33.09 ,0.21 ,35.02 ,0.64 ,30.80 ,0.48 ,34.94 ,0.50 ,31.20 ,0.36 ,38.57 ,0.45 ,33.90 ,0.31 ,36.96 ,0.57 ,32.99 ,0.37 ,31.28 ,0.69 ,29.15 ,0.61 ,10.15 ,12.19,0,0,9.37,4.92,61.11,3.49,420608
2024年11月02日17时15分00秒,66.78 ,0.69 ,33.25 ,0.20 ,34.76 ,0.65 ,30.78 ,0.49 ,35.23 ,0.51 ,31.30 ,0.38 ,38.64 ,0.46 ,33.87 ,0.31 ,37.17 ,0.55 ,32.99 ,0.35 ,31.30 ,0.69 ,29.16 ,0.60 ,9.90 ,12.19,0,0,9.37,4.92,61.11,3.49,420608
2024年11月02日17时30分00秒,66.29 ,0.69 ,33.39 ,0.20 ,34.99 ,0.63 ,30.80 ,0.48 ,35.08 ,0.51 ,31.42 ,0.37 ,38.56 ,0.45 ,33.89 ,0.31 ,37.14 ,0.56 ,33.04 ,0.36 ,31.31 ,0.69 ,29.19 ,0.61 ,9.31 ,12.19,0,0,9.37,4.92,61.11,3.49,420608
2024年11月02日17时45分00秒,66.44 ,0.68 ,33.50 ,0.19 ,35.02 ,0.61 ,30.80 ,0.46 ,35.12 ,0.50 ,31.54 ,0.37 ,38.61 ,0.45 ,33.95 ,0.32 ,37.20 ,0.55 ,33.10 ,0.36 ,31.32 ,0.70 ,29.20 ,0.62 ,8.96 ,12.19,0,0,9.37,4.92,61.11,3.49,420608
2024年11月02日18时00分00秒,66.40 ,0.69 ,33.52 ,0.19 ,35.03 ,0.62 ,30.79 ,0.46 ,35.37 ,0.50 ,31.61 ,0.36 ,38.63 ,0.45 ,33.96 ,0.31 ,37.29 ,0.56 ,33.18 ,0.36 ,31.26 ,0.71 ,29.18 ,0.62 ,8.98 ,7,0,0,4.97,4.05,81.5,4.03,28160
2024年11月02日18时15分00秒,66.18 ,0.69 ,33.16 ,0.20 ,34.97 ,0.62 ,30.79 ,0.47 ,35.73 ,0.51 ,31.68 ,0.37 ,38.60 ,0.45 ,33.96 ,0.31 ,37.27 ,0.56 ,33.24 ,0.35 ,31.19 ,0.71 ,29.14 ,0.63 ,8.68 ,7,0,0,4.97,4.05,81.5,4.03,28160
2024年11月02日18时30分00秒,64.53 ,0.69 ,33.46 ,0.20 ,34.95 ,0.62 ,30.78 ,0.47 ,35.36 ,0.51 ,31.73 ,0.38 ,38.44 ,0.44 ,33.98 ,0.30 ,36.87 ,0.56 ,33.27 ,0.37 ,31.00 ,0.72 ,29.09 ,0.64 ,8.59 ,7,0,0,4.97,4.05,81.5,4.03,28160
2024年11月02日18时45分00秒,63.74 ,0.70 ,33.22 ,0.20 ,34.95 ,0.63 ,30.78 ,0.48 ,35.10 ,0.52 ,31.76 ,0.38 ,38.32 ,0.44 ,33.92 ,0.30 ,37.04 ,0.56 ,33.24 ,0.36 ,30.51 ,0.73 ,29.07 ,0.64 ,8.51 ,7,0,0,4.97,4.05,81.5,4.03,28160
2024年11月02日19时00分00秒,62.60 ,0.69 ,32.87 ,0.20 ,34.71 ,0.63 ,30.78 ,0.48 ,35.02 ,0.50 ,31.75 ,0.36 ,38.08 ,0.44 ,33.88 ,0.30 ,36.85 ,0.56 ,33.22 ,0.36 ,30.39 ,0.72 ,29.05 ,0.64 ,8.36 ,6.84,0,0,3.76,3.94,81.77,3.92,0
2024年11月02日19时15分00秒,63.35 ,0.69 ,32.86 ,0.21 ,34.33 ,0.64 ,30.77 ,0.49 ,35.42 ,0.51 ,31.70 ,0.37 ,38.13 ,0.44 ,33.85 ,0.30 ,36.90 ,0.56 ,33.19 ,0.36 ,30.44 ,0.71 ,29.01 ,0.63 ,8.07 ,6.84,0,0,3.76,3.94,81.77,3.92,0
2024年11月02日19时30分00秒,63.00 ,0.74 ,32.95 ,0.22 ,35.10 ,0.64 ,30.74 ,0.50 ,35.09 ,0.51 ,31.63 ,0.38 ,38.35 ,0.44 ,33.76 ,0.30 ,36.94 ,0.56 ,33.16 ,0.36 ,31.23 ,0.69 ,28.99 ,0.61 ,7.95 ,6.84,0,0,3.76,3.94,81.77,3.92,0
2024年11月02日19时45分00秒,62.99 ,0.74 ,32.92 ,0.22 ,35.50 ,0.64 ,30.73 ,0.48 ,34.85 ,0.51 ,31.59 ,0.36 ,38.29 ,0.44 ,33.67 ,0.29 ,36.93 ,0.56 ,33.13 ,0.35 ,31.24 ,0.69 ,28.99 ,0.61 ,7.75 ,6.84,0,0,3.76,3.94,81.77,3.92,0
2024年11月02日20时00分00秒,63.99 ,0.63 ,33.71 ,0.25 ,36.53 ,0.61 ,30.76 ,0.46 ,35.49 ,0.50 ,31.59 ,0.37 ,40.57 ,0.44 ,33.66 ,0.30 ,39.78 ,0.56 ,33.12 ,0.35 ,35.83 ,0.70 ,29.05 ,0.62 ,7.46 ,7.09,0,0,2.96,3.83,79.75,3.71,0
2024年11月02日20时15分00秒,63.69 ,0.62 ,33.91 ,0.24 ,36.13 ,0.61 ,30.84 ,0.46 ,35.95 ,0.50 ,31.59 ,0.37 ,40.74 ,0.43 ,33.85 ,0.29 ,40.03 ,0.56 ,33.60 ,0.35 ,36.26 ,0.71 ,29.57 ,0.62 ,7.36 ,7.09,0,0,2.96,3.83,79.75,3.71,0
2024年11月02日20时30分00秒,67.31 ,0.62 ,34.19 ,0.24 ,36.81 ,0.62 ,31.02 ,0.47 ,36.46 ,0.51 ,31.72 ,0.37 ,41.69 ,0.44 ,34.15 ,0.30 ,41.11 ,0.56 ,33.94 ,0.37 ,37.70 ,0.72 ,30.67 ,0.63 ,7.14 ,7.09,0,0,2.96,3.83,79.75,3.71,0
2024年11月02日20时45分00秒,68.02 ,0.63 ,34.55 ,0.24 ,37.10 ,0.62 ,31.18 ,0.47 ,37.55 ,0.51 ,31.89 ,0.37 ,42.51 ,0.44 ,34.81 ,0.30 ,41.76 ,0.56 ,34.52 ,0.36 ,36.53 ,0.73 ,32.33 ,0.64 ,6.94 ,7.09,0,0,2.96,3.83,79.75,3.71,0
2024年11月02日21时00分00秒,68.02 ,0.69 ,34.73 ,0.24 ,37.75 ,0.63 ,31.41 ,0.47 ,38.30 ,0.50 ,32.12 ,0.36 ,42.07 ,0.44 ,35.34 ,0.30 ,39.29 ,0.56 ,35.13 ,0.36 ,34.23 ,0.72 ,33.15 ,0.64 ,6.97 ,7.09,0,0,2.4,3.55,78.16,3.55,0
2024年11月02日21时15分00秒,70.92 ,0.70 ,34.88 ,0.24 ,38.37 ,0.64 ,31.61 ,0.48 ,39.47 ,0.50 ,32.62 ,0.36 ,42.84 ,0.45 ,35.91 ,0.30 ,39.59 ,0.57 ,35.25 ,0.36 ,35.25 ,0.70 ,33.71 ,0.62 ,6.82 ,7.09,0,0,2.4,3.55,78.16,3.55,0
2024年11月02日21时30分00秒,72.70 ,0.72 ,35.00 ,0.23 ,37.80 ,0.64 ,31.87 ,0.49 ,38.65 ,0.51 ,33.23 ,0.38 ,42.77 ,0.44 ,36.35 ,0.31 ,40.18 ,0.56 ,35.54 ,0.36 ,35.93 ,0.69 ,33.46 ,0.61 ,6.76 ,7.09,0,0,2.4,3.55,78.16,3.55,0
2024年11月02日21时45分00秒,70.01 ,0.71 ,35.13 ,0.23 ,37.78 ,0.64 ,32.14 ,0.49 ,39.16 ,0.51 ,33.86 ,0.37 ,42.39 ,0.45 ,36.56 ,0.30 ,39.80 ,0.56 ,35.54 ,0.36 ,35.20 ,0.69 ,32.85 ,0.60 ,6.70 ,7.09,0,0,2.4,3.55,78.16,3.55,0
2024年11月02日22时00分00秒,69.57 ,0.71 ,35.40 ,0.22 ,38.01 ,0.61 ,32.36 ,0.45 ,38.87 ,0.50 ,34.28 ,0.37 ,42.42 ,0.44 ,36.64 ,0.30 ,39.64 ,0.57 ,35.38 ,0.36 ,35.07 ,0.69 ,32.78 ,0.61 ,6.63 ,6.9,0,0,1.96,3.33,77.99,3.55,0
2024年11月02日22时15分00秒,69.54 ,0.72 ,35.40 ,0.22 ,38.15 ,0.61 ,32.49 ,0.46 ,38.75 ,0.51 ,34.35 ,0.37 ,42.49 ,0.43 ,36.73 ,0.29 ,39.78 ,0.56 ,35.31 ,0.35 ,34.89 ,0.70 ,32.57 ,0.61 ,6.66 ,6.9,0,0,1.96,3.33,77.99,3.55,0
2024年11月02日22时30分00秒,69.46 ,0.72 ,35.21 ,0.22 ,38.21 ,0.62 ,32.60 ,0.46 ,38.41 ,0.50 ,34.30 ,0.36 ,42.44 ,0.42 ,36.69 ,0.28 ,39.70 ,0.56 ,35.23 ,0.36 ,34.55 ,0.70 ,32.24 ,0.62 ,6.60 ,6.9,0,0,1.96,3.33,77.99,3.55,0
2024年11月02日22时45分00秒,69.14 ,0.72 ,35.25 ,0.22 ,38.26 ,0.63 ,32.69 ,0.47 ,38.50 ,0.51 ,34.19 ,0.37 ,42.39 ,0.46 ,36.69 ,0.32 ,39.34 ,0.57 ,35.18 ,0.36 ,34.31 ,0.71 ,32.02 ,0.63 ,6.28 ,6.9,0,0,1.96,3.33,77.99,3.55,0
2024年11月02日23时00分00秒,68.76 ,0.73 ,35.18 ,0.21 ,38.29 ,0.63 ,32.77 ,0.47 ,37.82 ,0.51 ,34.05 ,0.38 ,42.23 ,0.46 ,36.56 ,0.32 ,39.53 ,0.56 ,35.14 ,0.36 ,34.06 ,0.72 ,31.82 ,0.63 ,6.14 ,4.95,0,0,1.57,2.54,84.4,3.53,0
2024年11月02日23时15分00秒,68.95 ,0.72 ,35.28 ,0.21 ,38.28 ,0.63 ,32.83 ,0.48 ,37.97 ,0.50 ,33.96 ,0.36 ,42.19 ,0.46 ,36.51 ,0.32 ,39.78 ,0.57 ,35.08 ,0.36 ,34.58 ,0.72 ,31.60 ,0.64 ,6.10 ,4.95,0,0,1.57,2.54,84.4,3.53,0
2024年11月02日23时30分00秒,67.61 ,0.72 ,35.33 ,0.21 ,38.00 ,0.64 ,32.89 ,0.48 ,37.68 ,0.51 ,33.87 ,0.38 ,42.03 ,0.46 ,36.53 ,0.32 ,39.65 ,0.56 ,35.10 ,0.36 ,33.96 ,0.73 ,31.48 ,0.65 ,6.10 ,4.95,0,0,1.57,2.54,84.4,3.53,0
2024年11月02日23时45分00秒,70.35 ,0.73 ,35.26 ,0.21 ,38.02 ,0.64 ,32.93 ,0.49 ,38.27 ,0.51 ,33.80 ,0.37 ,42.38 ,0.46 ,36.50 ,0.32 ,39.95 ,0.56 ,35.07 ,0.36 ,34.13 ,0.72 ,31.48 ,0.64 ,5.99 ,4.95,0,0,1.57,2.54,84.4,3.53,0
